path,status,author,notes
Xrd777/UI/Camp/Root/Texture/T_UI_Camp_00_texture.dds,unknown,,
Xrd777/UI/Camp/Root/Texture/T_UI_Camp_01_texture.dds,unknown,,
Xrd777/UI/Camp/Root/Texture/T_UI_Camp_02_texture.dds,unknown,,
Xrd777/UI/Camp/Root/Texture/T_UI_Camp_03_texture.dds,unknown,,
Xrd777/UI/Camp/Root/Texture/T_UI_Camp_04_texture.dds,unknown,,
Xrd777/UI/Camp/Root/Texture/T_UI_Camp_05_texture.dds,unknown,,
Xrd777/UI/Camp/Root/Texture/T_UI_Camp_06_texture.dds,unknown,,
Xrd777/UI/Camp/Root/Texture/T_UI_Camp_07_texture.dds,unknown,,
Xrd777/UI/Camp/Root/Texture/T_UI_Camp_08_texture.dds,unknown,,
Xrd777/UI/Camp/Root/Texture/T_UI_Camp_09_texture.dds,unknown,,
Xrd777/UI/Camp/Root/Texture/T_UI_Camp_10_texture.dds,unknown,,
Xrd777/UI/Camp/Root/Texture/T_UI_Camp_11_texture.dds,unknown,,
Xrd777/UI/Camp/Root/Texture/T_UI_Camp_12_texture.dds,unknown,,
Xrd777/UI/Camp/Root/Texture/T_UI_Camp_13_texture.dds,unknown,,
Xrd777/UI/Camp/Root/Texture/T_UI_Camp_14_texture.dds,unknown,,
Xrd777/UI/Camp/Root/Texture/T_UI_Camp_15_texture.dds,unknown,,
Xrd777/UI/Camp/Root/Texture/T_UI_Camp_Theurgia_texture.dds,unknown,,
Xrd777/UI/Community/Arcana/Blur/T_UI_Community_Arcana_001_Blur.dds,unknown,,
Xrd777/UI/Community/Arcana/Blur/T_UI_Community_Arcana_002_Blur.dds,unknown,,
Xrd777/UI/Community/Arcana/Blur/T_UI_Community_Arcana_003_Blur.dds,unknown,,
Xrd777/UI/Community/Arcana/Blur/T_UI_Community_Arcana_004_Blur.dds,unknown,,
Xrd777/UI/Community/Arcana/Blur/T_UI_Community_Arcana_005_Blur.dds,unknown,,
Xrd777/UI/Community/Arcana/Blur/T_UI_Community_Arcana_006_Blur.dds,unknown,,
Xrd777/UI/Community/Arcana/Blur/T_UI_Community_Arcana_007_Blur.dds,unknown,,
Xrd777/UI/Community/Arcana/Blur/T_UI_Community_Arcana_008_Blur.dds,unknown,,
Xrd777/UI/Community/Arcana/Blur/T_UI_Community_Arcana_009_Blur.dds,unknown,,
Xrd777/UI/Community/Arcana/Blur/T_UI_Community_Arcana_010_Blur.dds,unknown,,
Xrd777/UI/Community/Arcana/Blur/T_UI_Community_Arcana_011_Blur.dds,unknown,,
Xrd777/UI/Community/Arcana/Blur/T_UI_Community_Arcana_012_Blur.dds,unknown,,
Xrd777/UI/Community/Arcana/Blur/T_UI_Community_Arcana_013_Blur.dds,unknown,,
Xrd777/UI/Community/Arcana/Blur/T_UI_Community_Arcana_014_Blur.dds,unknown,,
Xrd777/UI/Community/Arcana/Blur/T_UI_Community_Arcana_015_Blur.dds,unknown,,
Xrd777/UI/Community/Arcana/Blur/T_UI_Community_Arcana_016_Blur.dds,unknown,,
Xrd777/UI/Community/Arcana/Blur/T_UI_Community_Arcana_017_Blur.dds,unknown,,
Xrd777/UI/Community/Arcana/Blur/T_UI_Community_Arcana_018_Blur.dds,unknown,,
Xrd777/UI/Community/Arcana/Blur/T_UI_Community_Arcana_019_Blur.dds,unknown,,
Xrd777/UI/Community/Arcana/Blur/T_UI_Community_Arcana_020_Blur.dds,unknown,,
Xrd777/UI/Community/Arcana/Blur/T_UI_Community_Arcana_021_Blur.dds,unknown,,
Xrd777/UI/Community/Arcana/Blur/T_UI_Community_Arcana_022_Blur.dds,unknown,,
Xrd777/UI/Community/Arcana/Blur/T_UI_Community_Arcana_024_Blur.dds,unknown,,
Xrd777/UI/Community/Arcana/Ef/T_UI_Community_Arcana_001_Ef.dds,unknown,,
Xrd777/UI/Community/Arcana/Ef/T_UI_Community_Arcana_002_Ef.dds,unknown,,
Xrd777/UI/Community/Arcana/Ef/T_UI_Community_Arcana_003_Ef.dds,unknown,,
Xrd777/UI/Community/Arcana/Ef/T_UI_Community_Arcana_004_Ef.dds,unknown,,
Xrd777/UI/Community/Arcana/Ef/T_UI_Community_Arcana_005_Ef.dds,unknown,,
Xrd777/UI/Community/Arcana/Ef/T_UI_Community_Arcana_006_Ef.dds,unknown,,
Xrd777/UI/Community/Arcana/Ef/T_UI_Community_Arcana_007_Ef.dds,unknown,,
Xrd777/UI/Community/Arcana/Ef/T_UI_Community_Arcana_008_Ef.dds,unknown,,
Xrd777/UI/Community/Arcana/Ef/T_UI_Community_Arcana_009_Ef.dds,unknown,,
Xrd777/UI/Community/Arcana/Ef/T_UI_Community_Arcana_010_Ef.dds,unknown,,
Xrd777/UI/Community/Arcana/Ef/T_UI_Community_Arcana_011_Ef.dds,unknown,,
Xrd777/UI/Community/Arcana/Ef/T_UI_Community_Arcana_012_Ef.dds,unknown,,
Xrd777/UI/Community/Arcana/Ef/T_UI_Community_Arcana_013_Ef.dds,unknown,,
Xrd777/UI/Community/Arcana/Ef/T_UI_Community_Arcana_014_Ef.dds,unknown,,
Xrd777/UI/Community/Arcana/Ef/T_UI_Community_Arcana_015_Ef.dds,unknown,,
Xrd777/UI/Community/Arcana/Ef/T_UI_Community_Arcana_016_Ef.dds,unknown,,
Xrd777/UI/Community/Arcana/Ef/T_UI_Community_Arcana_017_Ef.dds,unknown,,
Xrd777/UI/Community/Arcana/Ef/T_UI_Community_Arcana_018_Ef.dds,unknown,,
Xrd777/UI/Community/Arcana/Ef/T_UI_Community_Arcana_019_Ef.dds,unknown,,
Xrd777/UI/Community/Arcana/Ef/T_UI_Community_Arcana_020_Ef.dds,unknown,,
Xrd777/UI/Community/Arcana/Ef/T_UI_Community_Arcana_021_Ef.dds,unknown,,
Xrd777/UI/Community/Arcana/Ef/T_UI_Community_Arcana_022_Ef.dds,unknown,,
Xrd777/UI/Community/Arcana/Ef/T_UI_Community_Arcana_024_Ef.dds,unknown,,
Xrd777/UI/Community/Arcana/Normal/T_UI_Community_Arcana_001.dds,unknown,,
Xrd777/UI/Community/Arcana/Normal/T_UI_Community_Arcana_002.dds,unknown,,
Xrd777/UI/Community/Arcana/Normal/T_UI_Community_Arcana_003.dds,unknown,,
Xrd777/UI/Community/Arcana/Normal/T_UI_Community_Arcana_004.dds,unknown,,
Xrd777/UI/Community/Arcana/Normal/T_UI_Community_Arcana_005.dds,unknown,,
Xrd777/UI/Community/Arcana/Normal/T_UI_Community_Arcana_006.dds,unknown,,
Xrd777/UI/Community/Arcana/Normal/T_UI_Community_Arcana_007.dds,unknown,,
Xrd777/UI/Community/Arcana/Normal/T_UI_Community_Arcana_008.dds,unknown,,
Xrd777/UI/Community/Arcana/Normal/T_UI_Community_Arcana_009.dds,unknown,,
Xrd777/UI/Community/Arcana/Normal/T_UI_Community_Arcana_010.dds,unknown,,
Xrd777/UI/Community/Arcana/Normal/T_UI_Community_Arcana_011.dds,unknown,,
Xrd777/UI/Community/Arcana/Normal/T_UI_Community_Arcana_012.dds,unknown,,
Xrd777/UI/Community/Arcana/Normal/T_UI_Community_Arcana_013.dds,unknown,,
Xrd777/UI/Community/Arcana/Normal/T_UI_Community_Arcana_014.dds,unknown,,
Xrd777/UI/Community/Arcana/Normal/T_UI_Community_Arcana_015.dds,unknown,,
Xrd777/UI/Community/Arcana/Normal/T_UI_Community_Arcana_016.dds,unknown,,
Xrd777/UI/Community/Arcana/Normal/T_UI_Community_Arcana_017.dds,unknown,,
Xrd777/UI/Community/Arcana/Normal/T_UI_Community_Arcana_018.dds,unknown,,
Xrd777/UI/Community/Arcana/Normal/T_UI_Community_Arcana_019.dds,unknown,,
Xrd777/UI/Community/Arcana/Normal/T_UI_Community_Arcana_020.dds,unknown,,
Xrd777/UI/Community/Arcana/Normal/T_UI_Community_Arcana_021.dds,unknown,,
Xrd777/UI/Community/Arcana/Normal/T_UI_Community_Arcana_022.dds,unknown,,
Xrd777/UI/Community/Arcana/Normal/T_UI_Community_Arcana_024.dds,unknown,,
Xrd777/UI/Community/Poetry/Blur/T_UI_Community_Appearance01_Blur.dds,unknown,,
Xrd777/UI/Community/Poetry/Blur/T_UI_Community_Appearance02_Blur.dds,unknown,,
Xrd777/UI/Community/Poetry/Blur/T_UI_Community_Appearance03_L_Blur.dds,unknown,,
Xrd777/UI/Community/Poetry/Blur/T_UI_Community_Appearance03_R_Blur.dds,unknown,,
Xrd777/UI/Community/Poetry/Blur/T_UI_Community_Appearance04_Blur.dds,unknown,,
Xrd777/UI/Community/Poetry/Blur/T_UI_Community_MAX02_Blur.dds,unknown,,
Xrd777/UI/Community/Poetry/Blur/T_UI_Community_MAX03_L_Blur.dds,unknown,,
Xrd777/UI/Community/Poetry/Blur/T_UI_Community_MAX03_R_Blur.dds,unknown,,
Xrd777/UI/Community/Poetry/Blur/T_UI_Community_MAX04_Blur.dds,unknown,,
Xrd777/UI/Community/Poetry/Blur/T_UI_Community_MAX05_C_Blur.dds,unknown,,
Xrd777/UI/Community/Poetry/Blur/T_UI_Community_MAX05_R_Blur.dds,unknown,,
Xrd777/UI/Community/Poetry/Ef/T_UI_Community_Appearance01_Ef.dds,unknown,,
Xrd777/UI/Community/Poetry/Ef/T_UI_Community_Appearance02_Ef.dds,unknown,,
Xrd777/UI/Community/Poetry/Ef/T_UI_Community_Appearance03_L_Ef.dds,unknown,,
Xrd777/UI/Community/Poetry/Ef/T_UI_Community_Appearance03_R_Ef.dds,unknown,,
Xrd777/UI/Community/Poetry/Ef/T_UI_Community_Appearance04_Ef.dds,unknown,,
Xrd777/UI/Community/Poetry/Ef/T_UI_Community_MAX02_Ef.dds,unknown,,
Xrd777/UI/Community/Poetry/Ef/T_UI_Community_MAX03_L_Ef.dds,unknown,,
Xrd777/UI/Community/Poetry/Ef/T_UI_Community_MAX03_R_Ef.dds,unknown,,
Xrd777/UI/Community/Poetry/Ef/T_UI_Community_MAX04_Ef.dds,unknown,,
Xrd777/UI/Community/Poetry/Ef/T_UI_Community_MAX05_C_Ef.dds,unknown,,
Xrd777/UI/Community/Poetry/Ef/T_UI_Community_MAX05_R_Ef.dds,unknown,,
Xrd777/UI/Community/Poetry/Ef/T_UI_GameOver_01_Ef.dds,unknown,,
Xrd777/UI/Community/Poetry/Ef/T_UI_GameOver_02_Ef.dds,unknown,,
Xrd777/UI/Community/Poetry/Ef/T_UI_GameOver_03_Ef.dds,unknown,,
Xrd777/UI/Community/Poetry/Ef/T_UI_GameOver_04_Ef.dds,unknown,,
Xrd777/UI/Community/Poetry/Normal/T_UI_Community_Appearance01.dds,unknown,,
Xrd777/UI/Community/Poetry/Normal/T_UI_Community_Appearance02.dds,unknown,,
Xrd777/UI/Community/Poetry/Normal/T_UI_Community_Appearance03_L.dds,unknown,,
Xrd777/UI/Community/Poetry/Normal/T_UI_Community_Appearance03_R.dds,unknown,,
Xrd777/UI/Community/Poetry/Normal/T_UI_Community_Appearance04.dds,unknown,,
Xrd777/UI/Community/Poetry/Normal/T_UI_Community_MAX02.dds,unknown,,
Xrd777/UI/Community/Poetry/Normal/T_UI_Community_MAX03_L.dds,unknown,,
Xrd777/UI/Community/Poetry/Normal/T_UI_Community_MAX03_R.dds,unknown,,
Xrd777/UI/Community/Poetry/Normal/T_UI_Community_MAX04.dds,unknown,,
Xrd777/UI/Community/Poetry/Normal/T_UI_Community_MAX05_C.dds,unknown,,
Xrd777/UI/Community/Poetry/Normal/T_UI_Community_MAX05_R.dds,unknown,,
Xrd777/UI/Community/Poetry/Normal/T_UI_GameOver_01.dds,unknown,,
Xrd777/UI/Community/Poetry/Normal/T_UI_GameOver_02.dds,unknown,,
Xrd777/UI/Community/Poetry/Normal/T_UI_GameOver_03.dds,unknown,,
Xrd777/UI/Community/Poetry/Normal/T_UI_GameOver_04.dds,unknown,,
Xrd777/UI/Community/RankUp/T_UI_Community_00_texture.dds,unknown,,
Xrd777/UI/Community/RankUp/T_UI_Community_01_texture.dds,unknown,,
Xrd777/UI/Community/RankUp/T_UI_Community_02_texture.dds,unknown,,
Xrd777/UI/Community/RankUp/T_UI_Community_03_texture.dds,unknown,,
Xrd777/UI/Dialog/Textures/Platforms/_PS4/Tutorial/Battle/T_UI_Tutorial_Battle_001.dds,unknown,,
Xrd777/UI/Dialog/Textures/Platforms/_PS4/Tutorial/Battle/T_UI_Tutorial_Battle_002.dds,unknown,,
Xrd777/UI/Dialog/Textures/Platforms/_PS4/Tutorial/Battle/T_UI_Tutorial_Battle_004.dds,unknown,,
Xrd777/UI/Dialog/Textures/Platforms/_PS4/Tutorial/Battle/T_UI_Tutorial_Battle_005.dds,unknown,,
Xrd777/UI/Dialog/Textures/Platforms/_PS4/Tutorial/Battle/T_UI_Tutorial_Battle_006.dds,unknown,,
Xrd777/UI/Dialog/Textures/Platforms/_PS4/Tutorial/Battle/T_UI_Tutorial_Battle_007.dds,unknown,,
Xrd777/UI/Dialog/Textures/Platforms/_PS4/Tutorial/Battle/T_UI_Tutorial_Battle_008.dds,unknown,,
Xrd777/UI/Dialog/Textures/Platforms/_PS4/Tutorial/Battle/T_UI_Tutorial_Battle_009.dds,unknown,,
Xrd777/UI/Dialog/Textures/Platforms/_PS4/Tutorial/Battle/T_UI_Tutorial_Battle_010.dds,unknown,,
Xrd777/UI/Dialog/Textures/Platforms/_PS4/Tutorial/Battle/T_UI_Tutorial_Battle_014.dds,unknown,,
Xrd777/UI/Dialog/Textures/Platforms/_PS4/Tutorial/Battle/T_UI_Tutorial_Battle_015.dds,unknown,,
Xrd777/UI/Dialog/Textures/Platforms/_PS4/Tutorial/Battle/T_UI_Tutorial_Battle_016.dds,unknown,,
Xrd777/UI/Dialog/Textures/Platforms/_PS4/Tutorial/Battle/T_UI_Tutorial_Battle_017.dds,unknown,,
Xrd777/UI/Dialog/Textures/Platforms/_PS4/Tutorial/Battle/T_UI_Tutorial_Battle_018.dds,unknown,,
Xrd777/UI/Dialog/Textures/Platforms/_PS4/Tutorial/Battle/T_UI_Tutorial_Battle_019.dds,unknown,,
Xrd777/UI/Dialog/Textures/Platforms/_PS4/Tutorial/Battle/T_UI_Tutorial_Battle_020.dds,unknown,,
Xrd777/UI/Dialog/Textures/Platforms/_PS4/Tutorial/Battle/T_UI_Tutorial_Battle_021.dds,unknown,,
Xrd777/UI/Dialog/Textures/Platforms/_PS4/Tutorial/Battle/T_UI_Tutorial_Battle_023.dds,unknown,,
Xrd777/UI/Dialog/Textures/Platforms/_PS4/Tutorial/Battle/T_UI_Tutorial_Battle_024.dds,unknown,,
Xrd777/UI/Dialog/Textures/Platforms/_PS4/Tutorial/Battle/T_UI_Tutorial_Battle_025.dds,unknown,,
Xrd777/UI/Dialog/Textures/Platforms/_PS4/Tutorial/Battle/T_UI_Tutorial_Battle_026.dds,unknown,,
Xrd777/UI/Dialog/Textures/Platforms/_PS4/Tutorial/Battle/T_UI_Tutorial_Battle_028.dds,unknown,,
Xrd777/UI/Dialog/Textures/Platforms/_PS4/Tutorial/Battle/T_UI_Tutorial_Battle_029.dds,unknown,,
Xrd777/UI/Dialog/Textures/Platforms/_PS4/Tutorial/Battle/T_UI_Tutorial_Battle_030.dds,unknown,,
Xrd777/UI/Dialog/Textures/Platforms/_PS4/Tutorial/Battle/T_UI_Tutorial_Battle_031.dds,unknown,,
Xrd777/UI/Dialog/Textures/Platforms/_PS4/Tutorial/Battle/T_UI_Tutorial_Battle_033.dds,unknown,,
Xrd777/UI/Dialog/Textures/Platforms/_PS4/Tutorial/Battle/T_UI_Tutorial_Battle_501.dds,unknown,,
Xrd777/UI/Dialog/Textures/Platforms/_PS4/Tutorial/Battle/T_UI_Tutorial_Battle_502.dds,unknown,,
Xrd777/UI/Dialog/Textures/Platforms/_PS4/Tutorial/Battle/T_UI_Tutorial_Battle_504.dds,unknown,,
Xrd777/UI/Dialog/Textures/Platforms/_PS4/Tutorial/Battle/T_UI_Tutorial_Battle_505.dds,unknown,,
Xrd777/UI/Dialog/Textures/Platforms/_PS4/Tutorial/Battle/T_UI_Tutorial_Battle_506.dds,unknown,,
Xrd777/UI/Dialog/Textures/Platforms/_PS4/Tutorial/Battle/T_UI_Tutorial_Battle_507.dds,unknown,,
Xrd777/UI/Dialog/Textures/Platforms/_PS4/Tutorial/Battle/T_UI_Tutorial_Battle_508.dds,unknown,,
Xrd777/UI/Dialog/Textures/Platforms/_PS4/Tutorial/Battle/T_UI_Tutorial_Battle_509.dds,unknown,,
Xrd777/UI/Dialog/Textures/Platforms/_PS4/Tutorial/Battle/T_UI_Tutorial_Battle_510.dds,unknown,,
Xrd777/UI/Dialog/Textures/Platforms/_PS4/Tutorial/Battle/T_UI_Tutorial_Battle_514.dds,unknown,,
Xrd777/UI/Dialog/Textures/Platforms/_PS4/Tutorial/Battle/T_UI_Tutorial_Battle_515.dds,unknown,,
Xrd777/UI/Dialog/Textures/Platforms/_PS4/Tutorial/Battle/T_UI_Tutorial_Battle_516.dds,unknown,,
Xrd777/UI/Dialog/Textures/Platforms/_PS4/Tutorial/Battle/T_UI_Tutorial_Battle_517.dds,unknown,,
Xrd777/UI/Dialog/Textures/Platforms/_PS4/Tutorial/Battle/T_UI_Tutorial_Battle_518.dds,unknown,,
Xrd777/UI/Dialog/Textures/Platforms/_PS4/Tutorial/Battle/T_UI_Tutorial_Battle_519.dds,unknown,,
Xrd777/UI/Dialog/Textures/Platforms/_PS4/Tutorial/Battle/T_UI_Tutorial_Battle_520.dds,unknown,,
Xrd777/UI/Dialog/Textures/Platforms/_PS4/Tutorial/Battle/T_UI_Tutorial_Battle_521.dds,unknown,,
Xrd777/UI/Dialog/Textures/Platforms/_PS4/Tutorial/Battle/T_UI_Tutorial_Battle_523.dds,unknown,,
Xrd777/UI/Dialog/Textures/Platforms/_PS4/Tutorial/Battle/T_UI_Tutorial_Battle_524.dds,unknown,,
Xrd777/UI/Dialog/Textures/Platforms/_PS4/Tutorial/Battle/T_UI_Tutorial_Battle_525.dds,unknown,,
Xrd777/UI/Dialog/Textures/Platforms/_PS4/Tutorial/Battle/T_UI_Tutorial_Battle_526.dds,unknown,,
Xrd777/UI/Dialog/Textures/Platforms/_PS4/Tutorial/Battle/T_UI_Tutorial_Battle_528.dds,unknown,,
Xrd777/UI/Dialog/Textures/Platforms/_PS4/Tutorial/Battle/T_UI_Tutorial_Battle_529.dds,unknown,,
Xrd777/UI/Dialog/Textures/Platforms/_PS4/Tutorial/Battle/T_UI_Tutorial_Battle_530.dds,unknown,,
Xrd777/UI/Dialog/Textures/Platforms/_PS4/Tutorial/Battle/T_UI_Tutorial_Battle_531.dds,unknown,,
Xrd777/UI/Dialog/Textures/Platforms/_PS4/Tutorial/Battle/T_UI_Tutorial_Battle_533.dds,unknown,,
Xrd777/UI/Dialog/Textures/Platforms/_PS4/Tutorial/Combine/T_UI_Tutorial_Combine_001.dds,unknown,,
Xrd777/UI/Dialog/Textures/Platforms/_PS4/Tutorial/Combine/T_UI_Tutorial_Combine_501.dds,unknown,,
Xrd777/UI/Dialog/Textures/Platforms/_PS4/Tutorial/Daily/T_UI_Tutorial_Daily_230.dds,unknown,,
Xrd777/UI/Dialog/Textures/Platforms/_PS4/Tutorial/Daily/T_UI_Tutorial_Daily_231.dds,unknown,,
Xrd777/UI/Dialog/Textures/Platforms/_PS4/Tutorial/Daily/T_UI_Tutorial_Daily_400.dds,unknown,,
Xrd777/UI/Dialog/Textures/Platforms/_PS4/Tutorial/Daily/T_UI_Tutorial_Daily_420.dds,unknown,,
Xrd777/UI/Dialog/Textures/Platforms/_PS4/Tutorial/Daily/T_UI_Tutorial_Daily_730.dds,unknown,,
Xrd777/UI/Dialog/Textures/Platforms/_PS4/Tutorial/Daily/T_UI_Tutorial_Daily_731.dds,unknown,,
Xrd777/UI/Dialog/Textures/Platforms/_PS4/Tutorial/Daily/T_UI_Tutorial_Daily_900.dds,unknown,,
Xrd777/UI/Dialog/Textures/Platforms/_PS4/Tutorial/Daily/T_UI_Tutorial_Daily_920.dds,unknown,,
Xrd777/UI/Dialog/Textures/Platforms/_PS4/Tutorial/Dungeon/T_UI_Tutorial_Dungeon_002.dds,unknown,,
Xrd777/UI/Dialog/Textures/Platforms/_PS4/Tutorial/Dungeon/T_UI_Tutorial_Dungeon_003.dds,unknown,,
Xrd777/UI/Dialog/Textures/Platforms/_PS4/Tutorial/Dungeon/T_UI_Tutorial_Dungeon_004.dds,unknown,,
Xrd777/UI/Dialog/Textures/Platforms/_PS4/Tutorial/Dungeon/T_UI_Tutorial_Dungeon_007.dds,unknown,,
Xrd777/UI/Dialog/Textures/Platforms/_PS4/Tutorial/Dungeon/T_UI_Tutorial_Dungeon_008.dds,unknown,,
Xrd777/UI/Dialog/Textures/Platforms/_PS4/Tutorial/Dungeon/T_UI_Tutorial_Dungeon_012.dds,unknown,,
Xrd777/UI/Dialog/Textures/Platforms/_PS4/Tutorial/Dungeon/T_UI_Tutorial_Dungeon_016.dds,unknown,,
Xrd777/UI/Dialog/Textures/Platforms/_PS4/Tutorial/Dungeon/T_UI_Tutorial_Dungeon_024.dds,unknown,,
Xrd777/UI/Dialog/Textures/Platforms/_PS4/Tutorial/Dungeon/T_UI_Tutorial_Dungeon_026.dds,unknown,,
Xrd777/UI/Dialog/Textures/Platforms/_PS4/Tutorial/Dungeon/T_UI_Tutorial_Dungeon_028.dds,unknown,,
Xrd777/UI/Dialog/Textures/Platforms/_PS4/Tutorial/Dungeon/T_UI_Tutorial_Dungeon_029.dds,unknown,,
Xrd777/UI/Dialog/Textures/Platforms/_PS4/Tutorial/Dungeon/T_UI_Tutorial_Dungeon_034.dds,unknown,,
Xrd777/UI/Dialog/Textures/Platforms/_PS4/Tutorial/Dungeon/T_UI_Tutorial_Dungeon_502.dds,unknown,,
Xrd777/UI/Dialog/Textures/Platforms/_PS4/Tutorial/Dungeon/T_UI_Tutorial_Dungeon_503.dds,unknown,,
Xrd777/UI/Dialog/Textures/Platforms/_PS4/Tutorial/Dungeon/T_UI_Tutorial_Dungeon_504.dds,unknown,,
Xrd777/UI/Dialog/Textures/Platforms/_PS4/Tutorial/Dungeon/T_UI_Tutorial_Dungeon_507.dds,unknown,,
Xrd777/UI/Dialog/Textures/Platforms/_PS4/Tutorial/Dungeon/T_UI_Tutorial_Dungeon_508.dds,unknown,,
Xrd777/UI/Dialog/Textures/Platforms/_PS4/Tutorial/Dungeon/T_UI_Tutorial_Dungeon_512.dds,unknown,,
Xrd777/UI/Dialog/Textures/Platforms/_PS4/Tutorial/Dungeon/T_UI_Tutorial_Dungeon_516.dds,unknown,,
Xrd777/UI/Dialog/Textures/Platforms/_PS4/Tutorial/Dungeon/T_UI_Tutorial_Dungeon_524.dds,unknown,,
Xrd777/UI/Dialog/Textures/Platforms/_PS4/Tutorial/Dungeon/T_UI_Tutorial_Dungeon_526.dds,unknown,,
Xrd777/UI/Dialog/Textures/Platforms/_PS4/Tutorial/Dungeon/T_UI_Tutorial_Dungeon_528.dds,unknown,,
Xrd777/UI/Dialog/Textures/Platforms/_PS4/Tutorial/Dungeon/T_UI_Tutorial_Dungeon_529.dds,unknown,,
Xrd777/UI/Dialog/Textures/Platforms/_PS4/Tutorial/Dungeon/T_UI_Tutorial_Dungeon_534.dds,unknown,,
Xrd777/UI/Dialog/Textures/Platforms/_PS4/Tutorial/System/T_UI_Tutorial_System_001.dds,unknown,,
Xrd777/UI/Dialog/Textures/Platforms/_PS4/Tutorial/System/T_UI_Tutorial_System_501.dds,unknown,,
Xrd777/UI/Dialog/Textures/Platforms/_PS5/Tutorial/Battle/T_UI_Tutorial_Battle_001.dds,unknown,,
Xrd777/UI/Dialog/Textures/Platforms/_PS5/Tutorial/Battle/T_UI_Tutorial_Battle_002.dds,unknown,,
Xrd777/UI/Dialog/Textures/Platforms/_PS5/Tutorial/Battle/T_UI_Tutorial_Battle_004.dds,unknown,,
Xrd777/UI/Dialog/Textures/Platforms/_PS5/Tutorial/Battle/T_UI_Tutorial_Battle_005.dds,unknown,,
Xrd777/UI/Dialog/Textures/Platforms/_PS5/Tutorial/Battle/T_UI_Tutorial_Battle_006.dds,unknown,,
Xrd777/UI/Dialog/Textures/Platforms/_PS5/Tutorial/Battle/T_UI_Tutorial_Battle_007.dds,unknown,,
Xrd777/UI/Dialog/Textures/Platforms/_PS5/Tutorial/Battle/T_UI_Tutorial_Battle_008.dds,unknown,,
Xrd777/UI/Dialog/Textures/Platforms/_PS5/Tutorial/Battle/T_UI_Tutorial_Battle_009.dds,unknown,,
Xrd777/UI/Dialog/Textures/Platforms/_PS5/Tutorial/Battle/T_UI_Tutorial_Battle_010.dds,unknown,,
Xrd777/UI/Dialog/Textures/Platforms/_PS5/Tutorial/Battle/T_UI_Tutorial_Battle_014.dds,unknown,,
Xrd777/UI/Dialog/Textures/Platforms/_PS5/Tutorial/Battle/T_UI_Tutorial_Battle_015.dds,unknown,,
Xrd777/UI/Dialog/Textures/Platforms/_PS5/Tutorial/Battle/T_UI_Tutorial_Battle_016.dds,unknown,,
Xrd777/UI/Dialog/Textures/Platforms/_PS5/Tutorial/Battle/T_UI_Tutorial_Battle_017.dds,unknown,,
Xrd777/UI/Dialog/Textures/Platforms/_PS5/Tutorial/Battle/T_UI_Tutorial_Battle_018.dds,unknown,,
Xrd777/UI/Dialog/Textures/Platforms/_PS5/Tutorial/Battle/T_UI_Tutorial_Battle_019.dds,unknown,,
Xrd777/UI/Dialog/Textures/Platforms/_PS5/Tutorial/Battle/T_UI_Tutorial_Battle_020.dds,unknown,,
Xrd777/UI/Dialog/Textures/Platforms/_PS5/Tutorial/Battle/T_UI_Tutorial_Battle_021.dds,unknown,,
Xrd777/UI/Dialog/Textures/Platforms/_PS5/Tutorial/Battle/T_UI_Tutorial_Battle_023.dds,unknown,,
Xrd777/UI/Dialog/Textures/Platforms/_PS5/Tutorial/Battle/T_UI_Tutorial_Battle_024.dds,unknown,,
Xrd777/UI/Dialog/Textures/Platforms/_PS5/Tutorial/Battle/T_UI_Tutorial_Battle_025.dds,unknown,,
Xrd777/UI/Dialog/Textures/Platforms/_PS5/Tutorial/Battle/T_UI_Tutorial_Battle_026.dds,unknown,,
Xrd777/UI/Dialog/Textures/Platforms/_PS5/Tutorial/Battle/T_UI_Tutorial_Battle_028.dds,unknown,,
Xrd777/UI/Dialog/Textures/Platforms/_PS5/Tutorial/Battle/T_UI_Tutorial_Battle_029.dds,unknown,,
Xrd777/UI/Dialog/Textures/Platforms/_PS5/Tutorial/Battle/T_UI_Tutorial_Battle_030.dds,unknown,,
Xrd777/UI/Dialog/Textures/Platforms/_PS5/Tutorial/Battle/T_UI_Tutorial_Battle_031.dds,unknown,,
Xrd777/UI/Dialog/Textures/Platforms/_PS5/Tutorial/Battle/T_UI_Tutorial_Battle_033.dds,unknown,,
Xrd777/UI/Dialog/Textures/Platforms/_PS5/Tutorial/Combine/T_UI_Tutorial_Combine_001.dds,unknown,,
Xrd777/UI/Dialog/Textures/Platforms/_PS5/Tutorial/Daily/T_UI_Tutorial_Daily_230.dds,unknown,,
Xrd777/UI/Dialog/Textures/Platforms/_PS5/Tutorial/Daily/T_UI_Tutorial_Daily_231.dds,unknown,,
Xrd777/UI/Dialog/Textures/Platforms/_PS5/Tutorial/Daily/T_UI_Tutorial_Daily_400.dds,unknown,,
Xrd777/UI/Dialog/Textures/Platforms/_PS5/Tutorial/Daily/T_UI_Tutorial_Daily_420.dds,unknown,,
Xrd777/UI/Dialog/Textures/Platforms/_PS5/Tutorial/Dungeon/T_UI_Tutorial_Dungeon_002.dds,unknown,,
Xrd777/UI/Dialog/Textures/Platforms/_PS5/Tutorial/Dungeon/T_UI_Tutorial_Dungeon_003.dds,unknown,,
Xrd777/UI/Dialog/Textures/Platforms/_PS5/Tutorial/Dungeon/T_UI_Tutorial_Dungeon_004.dds,unknown,,
Xrd777/UI/Dialog/Textures/Platforms/_PS5/Tutorial/Dungeon/T_UI_Tutorial_Dungeon_007.dds,unknown,,
Xrd777/UI/Dialog/Textures/Platforms/_PS5/Tutorial/Dungeon/T_UI_Tutorial_Dungeon_008.dds,unknown,,
Xrd777/UI/Dialog/Textures/Platforms/_PS5/Tutorial/Dungeon/T_UI_Tutorial_Dungeon_012.dds,unknown,,
Xrd777/UI/Dialog/Textures/Platforms/_PS5/Tutorial/Dungeon/T_UI_Tutorial_Dungeon_016.dds,unknown,,
Xrd777/UI/Dialog/Textures/Platforms/_PS5/Tutorial/Dungeon/T_UI_Tutorial_Dungeon_024.dds,unknown,,
Xrd777/UI/Dialog/Textures/Platforms/_PS5/Tutorial/Dungeon/T_UI_Tutorial_Dungeon_026.dds,unknown,,
Xrd777/UI/Dialog/Textures/Platforms/_PS5/Tutorial/Dungeon/T_UI_Tutorial_Dungeon_028.dds,unknown,,
Xrd777/UI/Dialog/Textures/Platforms/_PS5/Tutorial/Dungeon/T_UI_Tutorial_Dungeon_029.dds,unknown,,
Xrd777/UI/Dialog/Textures/Platforms/_PS5/Tutorial/Dungeon/T_UI_Tutorial_Dungeon_034.dds,unknown,,
Xrd777/UI/Dialog/Textures/Platforms/_PS5/Tutorial/System/T_UI_Tutorial_System_001.dds,unknown,,
Xrd777/UI/Dialog/Textures/Platforms/_Win64/Tutorial/Battle/T_UI_Tutorial_Battle_001.dds,unknown,,
Xrd777/UI/Dialog/Textures/Platforms/_Win64/Tutorial/Battle/T_UI_Tutorial_Battle_002.dds,unknown,,
Xrd777/UI/Dialog/Textures/Platforms/_Win64/Tutorial/Battle/T_UI_Tutorial_Battle_004.dds,unknown,,
Xrd777/UI/Dialog/Textures/Platforms/_Win64/Tutorial/Battle/T_UI_Tutorial_Battle_005.dds,unknown,,
Xrd777/UI/Dialog/Textures/Platforms/_Win64/Tutorial/Battle/T_UI_Tutorial_Battle_006.dds,unknown,,
Xrd777/UI/Dialog/Textures/Platforms/_Win64/Tutorial/Battle/T_UI_Tutorial_Battle_007.dds,unknown,,
Xrd777/UI/Dialog/Textures/Platforms/_Win64/Tutorial/Battle/T_UI_Tutorial_Battle_008.dds,unknown,,
Xrd777/UI/Dialog/Textures/Platforms/_Win64/Tutorial/Battle/T_UI_Tutorial_Battle_009.dds,unknown,,
Xrd777/UI/Dialog/Textures/Platforms/_Win64/Tutorial/Battle/T_UI_Tutorial_Battle_010.dds,unknown,,
Xrd777/UI/Dialog/Textures/Platforms/_Win64/Tutorial/Battle/T_UI_Tutorial_Battle_014.dds,unknown,,
Xrd777/UI/Dialog/Textures/Platforms/_Win64/Tutorial/Battle/T_UI_Tutorial_Battle_015.dds,unknown,,
Xrd777/UI/Dialog/Textures/Platforms/_Win64/Tutorial/Battle/T_UI_Tutorial_Battle_016.dds,unknown,,
Xrd777/UI/Dialog/Textures/Platforms/_Win64/Tutorial/Battle/T_UI_Tutorial_Battle_017.dds,unknown,,
Xrd777/UI/Dialog/Textures/Platforms/_Win64/Tutorial/Battle/T_UI_Tutorial_Battle_018.dds,unknown,,
Xrd777/UI/Dialog/Textures/Platforms/_Win64/Tutorial/Battle/T_UI_Tutorial_Battle_019.dds,unknown,,
Xrd777/UI/Dialog/Textures/Platforms/_Win64/Tutorial/Battle/T_UI_Tutorial_Battle_020.dds,unknown,,
Xrd777/UI/Dialog/Textures/Platforms/_Win64/Tutorial/Battle/T_UI_Tutorial_Battle_021.dds,unknown,,
Xrd777/UI/Dialog/Textures/Platforms/_Win64/Tutorial/Battle/T_UI_Tutorial_Battle_023.dds,unknown,,
Xrd777/UI/Dialog/Textures/Platforms/_Win64/Tutorial/Battle/T_UI_Tutorial_Battle_024.dds,unknown,,
Xrd777/UI/Dialog/Textures/Platforms/_Win64/Tutorial/Battle/T_UI_Tutorial_Battle_025.dds,unknown,,
Xrd777/UI/Dialog/Textures/Platforms/_Win64/Tutorial/Battle/T_UI_Tutorial_Battle_026.dds,unknown,,
Xrd777/UI/Dialog/Textures/Platforms/_Win64/Tutorial/Battle/T_UI_Tutorial_Battle_028.dds,unknown,,
Xrd777/UI/Dialog/Textures/Platforms/_Win64/Tutorial/Battle/T_UI_Tutorial_Battle_029.dds,unknown,,
Xrd777/UI/Dialog/Textures/Platforms/_Win64/Tutorial/Battle/T_UI_Tutorial_Battle_030.dds,unknown,,
Xrd777/UI/Dialog/Textures/Platforms/_Win64/Tutorial/Battle/T_UI_Tutorial_Battle_031.dds,unknown,,
Xrd777/UI/Dialog/Textures/Platforms/_Win64/Tutorial/Battle/T_UI_Tutorial_Battle_033.dds,unknown,,
Xrd777/UI/Dialog/Textures/Platforms/_Win64/Tutorial/Combine/T_UI_Tutorial_Combine_001.dds,unknown,,
Xrd777/UI/Dialog/Textures/Platforms/_Win64/Tutorial/Daily/T_UI_Tutorial_Daily_230.dds,unknown,,
Xrd777/UI/Dialog/Textures/Platforms/_Win64/Tutorial/Daily/T_UI_Tutorial_Daily_231.dds,unknown,,
Xrd777/UI/Dialog/Textures/Platforms/_Win64/Tutorial/Daily/T_UI_Tutorial_Daily_400.dds,unknown,,
Xrd777/UI/Dialog/Textures/Platforms/_Win64/Tutorial/Daily/T_UI_Tutorial_Daily_420.dds,unknown,,
Xrd777/UI/Dialog/Textures/Platforms/_Win64/Tutorial/Dungeon/T_UI_Tutorial_Dungeon_002.dds,unknown,,
Xrd777/UI/Dialog/Textures/Platforms/_Win64/Tutorial/Dungeon/T_UI_Tutorial_Dungeon_003.dds,unknown,,
Xrd777/UI/Dialog/Textures/Platforms/_Win64/Tutorial/Dungeon/T_UI_Tutorial_Dungeon_004.dds,unknown,,
Xrd777/UI/Dialog/Textures/Platforms/_Win64/Tutorial/Dungeon/T_UI_Tutorial_Dungeon_007.dds,unknown,,
Xrd777/UI/Dialog/Textures/Platforms/_Win64/Tutorial/Dungeon/T_UI_Tutorial_Dungeon_008.dds,unknown,,
Xrd777/UI/Dialog/Textures/Platforms/_Win64/Tutorial/Dungeon/T_UI_Tutorial_Dungeon_012.dds,unknown,,
Xrd777/UI/Dialog/Textures/Platforms/_Win64/Tutorial/Dungeon/T_UI_Tutorial_Dungeon_016.dds,unknown,,
Xrd777/UI/Dialog/Textures/Platforms/_Win64/Tutorial/Dungeon/T_UI_Tutorial_Dungeon_024.dds,unknown,,
Xrd777/UI/Dialog/Textures/Platforms/_Win64/Tutorial/Dungeon/T_UI_Tutorial_Dungeon_026.dds,unknown,,
Xrd777/UI/Dialog/Textures/Platforms/_Win64/Tutorial/Dungeon/T_UI_Tutorial_Dungeon_028.dds,unknown,,
Xrd777/UI/Dialog/Textures/Platforms/_Win64/Tutorial/Dungeon/T_UI_Tutorial_Dungeon_029.dds,unknown,,
Xrd777/UI/Dialog/Textures/Platforms/_Win64/Tutorial/Dungeon/T_UI_Tutorial_Dungeon_034.dds,unknown,,
Xrd777/UI/Dialog/Textures/Platforms/_Win64/Tutorial/System/T_UI_Tutorial_System_001.dds,unknown,,
Xrd777/UI/Dialog/Textures/Platforms/_XSX/Tutorial/Battle/T_UI_Tutorial_Battle_001.dds,unknown,,
Xrd777/UI/Dialog/Textures/Platforms/_XSX/Tutorial/Battle/T_UI_Tutorial_Battle_002.dds,unknown,,
Xrd777/UI/Dialog/Textures/Platforms/_XSX/Tutorial/Battle/T_UI_Tutorial_Battle_004.dds,unknown,,
Xrd777/UI/Dialog/Textures/Platforms/_XSX/Tutorial/Battle/T_UI_Tutorial_Battle_005.dds,unknown,,
Xrd777/UI/Dialog/Textures/Platforms/_XSX/Tutorial/Battle/T_UI_Tutorial_Battle_006.dds,unknown,,
Xrd777/UI/Dialog/Textures/Platforms/_XSX/Tutorial/Battle/T_UI_Tutorial_Battle_007.dds,unknown,,
Xrd777/UI/Dialog/Textures/Platforms/_XSX/Tutorial/Battle/T_UI_Tutorial_Battle_008.dds,unknown,,
Xrd777/UI/Dialog/Textures/Platforms/_XSX/Tutorial/Battle/T_UI_Tutorial_Battle_009.dds,unknown,,
Xrd777/UI/Dialog/Textures/Platforms/_XSX/Tutorial/Battle/T_UI_Tutorial_Battle_010.dds,unknown,,
Xrd777/UI/Dialog/Textures/Platforms/_XSX/Tutorial/Battle/T_UI_Tutorial_Battle_014.dds,unknown,,
Xrd777/UI/Dialog/Textures/Platforms/_XSX/Tutorial/Battle/T_UI_Tutorial_Battle_015.dds,unknown,,
Xrd777/UI/Dialog/Textures/Platforms/_XSX/Tutorial/Battle/T_UI_Tutorial_Battle_016.dds,unknown,,
Xrd777/UI/Dialog/Textures/Platforms/_XSX/Tutorial/Battle/T_UI_Tutorial_Battle_017.dds,unknown,,
Xrd777/UI/Dialog/Textures/Platforms/_XSX/Tutorial/Battle/T_UI_Tutorial_Battle_018.dds,unknown,,
Xrd777/UI/Dialog/Textures/Platforms/_XSX/Tutorial/Battle/T_UI_Tutorial_Battle_019.dds,unknown,,
Xrd777/UI/Dialog/Textures/Platforms/_XSX/Tutorial/Battle/T_UI_Tutorial_Battle_020.dds,unknown,,
Xrd777/UI/Dialog/Textures/Platforms/_XSX/Tutorial/Battle/T_UI_Tutorial_Battle_021.dds,unknown,,
Xrd777/UI/Dialog/Textures/Platforms/_XSX/Tutorial/Battle/T_UI_Tutorial_Battle_023.dds,unknown,,
Xrd777/UI/Dialog/Textures/Platforms/_XSX/Tutorial/Battle/T_UI_Tutorial_Battle_024.dds,unknown,,
Xrd777/UI/Dialog/Textures/Platforms/_XSX/Tutorial/Battle/T_UI_Tutorial_Battle_025.dds,unknown,,
Xrd777/UI/Dialog/Textures/Platforms/_XSX/Tutorial/Battle/T_UI_Tutorial_Battle_026.dds,unknown,,
Xrd777/UI/Dialog/Textures/Platforms/_XSX/Tutorial/Battle/T_UI_Tutorial_Battle_028.dds,unknown,,
Xrd777/UI/Dialog/Textures/Platforms/_XSX/Tutorial/Battle/T_UI_Tutorial_Battle_029.dds,unknown,,
Xrd777/UI/Dialog/Textures/Platforms/_XSX/Tutorial/Battle/T_UI_Tutorial_Battle_030.dds,unknown,,
Xrd777/UI/Dialog/Textures/Platforms/_XSX/Tutorial/Battle/T_UI_Tutorial_Battle_031.dds,unknown,,
Xrd777/UI/Dialog/Textures/Platforms/_XSX/Tutorial/Battle/T_UI_Tutorial_Battle_033.dds,unknown,,
Xrd777/UI/Dialog/Textures/Platforms/_XSX/Tutorial/Combine/T_UI_Tutorial_Combine_001.dds,unknown,,
Xrd777/UI/Dialog/Textures/Platforms/_XSX/Tutorial/Daily/T_UI_Tutorial_Daily_230.dds,unknown,,
Xrd777/UI/Dialog/Textures/Platforms/_XSX/Tutorial/Daily/T_UI_Tutorial_Daily_231.dds,unknown,,
Xrd777/UI/Dialog/Textures/Platforms/_XSX/Tutorial/Daily/T_UI_Tutorial_Daily_400.dds,unknown,,
Xrd777/UI/Dialog/Textures/Platforms/_XSX/Tutorial/Daily/T_UI_Tutorial_Daily_420.dds,unknown,,
Xrd777/UI/Dialog/Textures/Platforms/_XSX/Tutorial/Dungeon/T_UI_Tutorial_Dungeon_002.dds,unknown,,
Xrd777/UI/Dialog/Textures/Platforms/_XSX/Tutorial/Dungeon/T_UI_Tutorial_Dungeon_003.dds,unknown,,
Xrd777/UI/Dialog/Textures/Platforms/_XSX/Tutorial/Dungeon/T_UI_Tutorial_Dungeon_004.dds,unknown,,
Xrd777/UI/Dialog/Textures/Platforms/_XSX/Tutorial/Dungeon/T_UI_Tutorial_Dungeon_007.dds,unknown,,
Xrd777/UI/Dialog/Textures/Platforms/_XSX/Tutorial/Dungeon/T_UI_Tutorial_Dungeon_008.dds,unknown,,
Xrd777/UI/Dialog/Textures/Platforms/_XSX/Tutorial/Dungeon/T_UI_Tutorial_Dungeon_012.dds,unknown,,
Xrd777/UI/Dialog/Textures/Platforms/_XSX/Tutorial/Dungeon/T_UI_Tutorial_Dungeon_016.dds,unknown,,
Xrd777/UI/Dialog/Textures/Platforms/_XSX/Tutorial/Dungeon/T_UI_Tutorial_Dungeon_024.dds,unknown,,
Xrd777/UI/Dialog/Textures/Platforms/_XSX/Tutorial/Dungeon/T_UI_Tutorial_Dungeon_026.dds,unknown,,
Xrd777/UI/Dialog/Textures/Platforms/_XSX/Tutorial/Dungeon/T_UI_Tutorial_Dungeon_028.dds,unknown,,
Xrd777/UI/Dialog/Textures/Platforms/_XSX/Tutorial/Dungeon/T_UI_Tutorial_Dungeon_029.dds,unknown,,
Xrd777/UI/Dialog/Textures/Platforms/_XSX/Tutorial/Dungeon/T_UI_Tutorial_Dungeon_034.dds,unknown,,
Xrd777/UI/Dialog/Textures/Platforms/_XSX/Tutorial/System/T_UI_Tutorial_System_001.dds,unknown,,
Xrd777/UI/Facility/AntiqueShop/T_UI_Facility_AntiqueShop_00_texture.dds,unknown,,
Xrd777/UI/Facility/Combine/Card/Textures/T_UI_Combine_CompendiumRegistration_Change_In.dds,unknown,,
Xrd777/UI/Facility/Combine/Card/Textures/T_UI_Combine_CompendiumRegistration_Cursor_Off.dds,unknown,,
Xrd777/UI/Facility/Combine/Card/Textures/T_UI_Combine_CompendiumRegistration_Cursor_On.dds,unknown,,
Xrd777/UI/Facility/Combine/Card/Textures/T_UI_Combine_CompendiumSummon_Change_In.dds,unknown,,
Xrd777/UI/Facility/Combine/Card/Textures/T_UI_Combine_CompendiumSummon_Cursor_Off.dds,unknown,,
Xrd777/UI/Facility/Combine/Card/Textures/T_UI_Combine_CompendiumSummon_Cursor_On.dds,unknown,,
Xrd777/UI/Facility/Combine/Card/Textures/T_UI_Combine_Fusion_Change_In.dds,unknown,,
Xrd777/UI/Facility/Combine/Card/Textures/T_UI_Combine_Fusion_Cursor_Off.dds,unknown,,
Xrd777/UI/Facility/Combine/Card/Textures/T_UI_Combine_Fusion_Cursor_On.dds,unknown,,
Xrd777/UI/Facility/Combine/Card/Textures/T_UI_Combine_NormalSpread_Cursor_Off.dds,unknown,,
Xrd777/UI/Facility/Combine/Card/Textures/T_UI_Combine_NormalSpread_Cursor_On.dds,unknown,,
Xrd777/UI/Facility/Combine/Card/Textures/T_UI_Combine_SearchSpread_Cursor_Off.dds,unknown,,
Xrd777/UI/Facility/Combine/Card/Textures/T_UI_Combine_SearchSpread_Cursor_On.dds,unknown,,
Xrd777/UI/Facility/Combine/Card/Textures/T_UI_Combine_SpecialSpread_Cursor_Off.dds,unknown,,
Xrd777/UI/Facility/Combine/Card/Textures/T_UI_Combine_SpecialSpread_Cursor_On.dds,unknown,,
Xrd777/UI/Facility/Combine/Textures/T_UI_Facility_Combine_00_texture.dds,unknown,,
Xrd777/UI/Facility/Combine/Textures/T_UI_Facility_Combine_Common_00_texture.dds,unknown,,
Xrd777/UI/Facility/Item_Shop/Texture/T_UI_Facility_ItemShop_00_texture.dds,unknown,,
Xrd777/UI/Facility/Item_Shop/Texture/T_UI_Facility_ItemShop_01_texture.dds,unknown,,
Xrd777/UI/Facility/Item_Shop/Texture/T_UI_Facility_ItemShop_02_texture.dds,unknown,,
Xrd777/UI/Facility/SimpleShop/T_UI_ShimpleShop_01_texture.dds,unknown,,
Xrd777/UI/Facility/SimpleShop/T_UI_ShimpleShop_02_texture.dds,unknown,,
Xrd777/UI/Facility/SimpleShop/T_UI_ShimpleShop_03_texture.dds,unknown,,
Xrd777/UI/Facility/SimpleShop/T_UI_ShimpleShop_04_texture.dds,unknown,,
Xrd777/UI/Facility/SimpleShop/T_UI_ShimpleShop_05_texture.dds,unknown,,
Xrd777/UI/Facility/SimpleShop/T_UI_ShimpleShop_06_texture.dds,unknown,,
Xrd777/UI/Facility/SimpleShop/T_UI_ShimpleShop_07_texture.dds,unknown,,
Xrd777/UI/Facility/SimpleShop/T_UI_ShimpleShop_08_texture.dds,unknown,,
Xrd777/UI/Facility/SimpleShop/T_UI_ShimpleShop_09_texture.dds,unknown,,
Xrd777/UI/Facility/SimpleShop/T_UI_ShimpleShop_Common_00_texture.dds,unknown,,
Xrd777/UI/Facility/WeaponShop/T_UI_Facility_WeaponShop_00_texture.dds,unknown,,
Xrd777/UI/Facility/common/Texture/T_UI_Facility_Common_00_texture.dds,unknown,,
Xrd777/UI/Facility/common/Texture/T_UI_Facility_Common_01_texture.dds,unknown,,
Xrd777/UI/Facility/common/Texture/T_UI_Facility_Common_02_texture.dds,unknown,,
Xrd777/UI/Field/Check/T_UI_Field_Check_00_texture.dds,translated,,Готово за позначкою ^ у назві папки; перевірку в грі не підтверджено
Xrd777/UI/Field/Day/T_UI_Field_Day_00_texture.dds,translated,,Готово за позначкою ^ у назві папки; перевірку в грі не підтверджено
Xrd777/UI/Field/Day/T_UI_Field_Day_02_texture.dds,translated,,Готово за позначкою ^ у назві папки; перевірку в грі не підтверджено
Xrd777/UI/Field/Guidance/T_UI_Field_Guidance_00_texture.dds,translated,,Готово за позначкою ^ у назві папки; перевірку в грі не підтверджено
Xrd777/UI/GenericSelect/Textures/T_UI_GenericSelect_texture.dds,unknown,,
Xrd777/UI/Handwriting/Textures/T_UI_Handwriting_Buzz_00.dds,unknown,,
Xrd777/UI/Handwriting/Textures/T_UI_Handwriting_Buzz_01.dds,unknown,,
Xrd777/UI/Handwriting/Textures/T_UI_Handwriting_Buzz_Read_00.dds,unknown,,
Xrd777/UI/Handwriting/Textures/T_UI_Handwriting_Buzz_Read_01.dds,unknown,,
Xrd777/UI/Handwriting/Textures/T_UI_Handwriting_Calling.dds,unknown,,
Xrd777/UI/Handwriting/Textures/T_UI_Handwriting_DoorKnock_00.dds,unknown,,
Xrd777/UI/Handwriting/Textures/T_UI_Handwriting_Groan_00.dds,unknown,,
Xrd777/UI/Handwriting/Textures/T_UI_Handwriting_Groan_01.dds,unknown,,
Xrd777/UI/Handwriting/Textures/T_UI_Handwriting_Groan_02.dds,unknown,,
Xrd777/UI/Handwriting/Textures/T_UI_Handwriting_Groan_03.dds,unknown,,
Xrd777/UI/Handwriting/Textures/T_UI_Handwriting_Mumble_00.dds,unknown,,
Xrd777/UI/Handwriting/Textures/T_UI_Handwriting_Mumble_01.dds,unknown,,
Xrd777/UI/Handwriting/Textures/T_UI_Handwriting_Mumble_02.dds,unknown,,
Xrd777/UI/Handwriting/Textures/T_UI_Handwriting_Mumble_03.dds,unknown,,
Xrd777/UI/Handwriting/Textures/T_UI_Handwriting_Whine_00.dds,unknown,,
Xrd777/UI/Handwriting/Textures/T_UI_Handwriting_Woof_00.dds,unknown,,
Xrd777/UI/Handwriting/Textures/T_UI_Handwriting_Woof_01.dds,unknown,,
Xrd777/UI/Handwriting/Textures/T_UI_Handwriting_Woof_02.dds,unknown,,
Xrd777/UI/Handwriting/Textures/T_UI_Handwriting_Woof_03.dds,unknown,,
Xrd777/UI/KeyHelp/T_UI_Keyhelp_00_texture.dds,unknown,,
Xrd777/UI/KeyHelp/T_UI_Keyhelp_Battle_00_texture.dds,unknown,,
Xrd777/UI/KeyHelp/T_UI_Keyhelp_Camp_00_texture.dds,unknown,,
Xrd777/UI/KeyHelp/T_UI_Keyhelp_Facility_00_texture.dds,unknown,,
Xrd777/UI/Mail/Texture/T_UI_Mail_Main_00_texture.dds,unknown,,
Xrd777/UI/Mail/Texture/T_UI_Mail_Main_Bustup103.dds,unknown,,
Xrd777/UI/Mail/Texture/T_UI_Mail_Main_Bustup104.dds,unknown,,
Xrd777/UI/Mail/Texture/T_UI_Mail_Main_Bustup105.dds,unknown,,
Xrd777/UI/Message/Subtitles/Sel/T_UI_CinemaScope_02_texture.dds,unknown,,
Xrd777/UI/MiniMap/T_UI_MiniMap_00_texture.dds,unknown,,
Xrd777/UI/MiniMap/T_UI_MiniMap_01_texture.dds,unknown,,
Xrd777/UI/MiniMap/T_UI_MiniMap_Place_00_texture.dds,unknown,,
Xrd777/UI/MiniMap/T_UI_MiniMap_Place_01_texture.dds,unknown,,
Xrd777/UI/MiniMap/T_UI_MiniMap_Place_02_texture.dds,unknown,,
Xrd777/UI/MiniMap/T_UI_MiniMap_Place_03_texture.dds,unknown,,
Xrd777/UI/NameEntry/T_UI_NameEntry_00_texture.dds,unknown,,
Xrd777/UI/Network/Texture/T_UI_VoiceAnswer_00_texture.dds,unknown,,
Xrd777/UI/Network/Texture/T_UI_VoiceAnswer_01_texture.dds,unknown,,
Xrd777/UI/SaveLoad/Textures/T_UI_SaveLoad_00_texture.dds,unknown,,
Xrd777/UI/SaveLoad/Textures/T_UI_SaveLoad_01_texture.dds,unknown,,
Xrd777/UI/StaffRoll/T_UI_Endcredits_00_texture.dds,unknown,,
Xrd777/UI/StaffRoll/T_UI_Endcredits_01_texture.dds,unknown,,
Xrd777/UI/TartarusMap/Texture/T_UI_TartarusMap_00_texture.dds,translated,,Готово за позначкою ^ у назві папки; перевірку в грі не підтверджено
Xrd777/UI/TimeChange/Texture/T_UI_TimeChange_00_texture.dds,translated,,Готово за позначкою ^ у назві папки; перевірку в грі не підтверджено
Xrd777/UI/Title/Material/Textures/T_UI_Title_PRESSANYBUTTON_Line.dds,translated,,Готово за позначкою ^ у назві папки; перевірку в грі не підтверджено
Xrd777/UI/Title/Material/Textures/T_UI_Title_PRESSANYBUTTON_Mask.dds,translated,,Готово за позначкою ^ у назві папки; перевірку в грі не підтверджено
Xrd777/UI/Title/Material/Textures/T_UI_Title_PRESSANYBUTTON_Shadow.dds,translated,,Готово за позначкою ^ у назві папки; перевірку в грі не підтверджено
Xrd777/UI/Title/Material/Textures/T_UI_Title_PRESSANYBUTTON_Text.dds,translated,,Готово за позначкою ^ у назві папки; перевірку в грі не підтверджено
Xrd777/UI/Title/Material/Textures/_PS/T_UI_Title_PRESSANYBUTTON_Line.dds,translated,,Готово за позначкою ^ у назві папки; перевірку в грі не підтверджено
Xrd777/UI/Title/Material/Textures/_PS/T_UI_Title_PRESSANYBUTTON_Mask.dds,translated,,Готово за позначкою ^ у назві папки; перевірку в грі не підтверджено
Xrd777/UI/Title/Material/Textures/_PS/T_UI_Title_PRESSANYBUTTON_Shadow.dds,translated,,Готово за позначкою ^ у назві папки; перевірку в грі не підтверджено
Xrd777/UI/Title/Material/Textures/_PS/T_UI_Title_PRESSANYBUTTON_Text.dds,translated,,Готово за позначкою ^ у назві папки; перевірку в грі не підтверджено
Xrd777/UI/Title/T_UI_Title_00_texture.dds,translated,,Готово за позначкою ^ у назві папки; перевірку в грі не підтверджено
Xrd777/UI/Title/T_UI_Title_01_texture.dds,translated,,Готово за позначкою ^ у назві папки; перевірку в грі не підтверджено
Xrd777/UI/Title/T_UI_Title_Headsup.dds,translated,,Готово за позначкою ^ у назві папки; перевірку в грі не підтверджено
Xrd777/UI/Title/T_UI_Title_Headsup2.dds,translated,,Готово за позначкою ^ у назві папки; перевірку в грі не підтверджено
Xrd777/UI/TownMap/Textures/T_UI_TownMap_00_texture.dds,translated,,Готово за позначкою ^ у назві папки; перевірку в грі не підтверджено
Xrd777/UI/TownMap/Textures/T_UI_TownMap_01_texture.dds,translated,,Готово за позначкою ^ у назві папки; перевірку в грі не підтверджено
